{
    "config": {
        "experiment_name": "federated_subset_experiment",
        "dataset_name": "femnist",
        "model_name": "cnn",
        "seed": 42,
        "data_dir": "/home/dawn/repos/c2m3-federated/c2m3/data",
        "num_models": 4,
        "epochs_per_model": [
            30,
            30,
            30,
            30
        ],
        "batch_size": 64,
        "learning_rate": 0.01,
        "weight_decay": 0.0001,
        "data_distribution": "natural",
        "non_iid_alpha": 0.5,
        "classes_per_partition": 1,
        "initialization_type": "identical",
        "merging_methods": [
            "c2m3",
            "fedavg"
        ],
        "c2m3_max_iter": 100,
        "c2m3_score_tolerance": 1e-06,
        "c2m3_init_method": "identity",
        "ties_alpha": 0.5,
        "eval_batch_size": 128,
        "output_dir": "./results",
        "save_models": false,
        "save_results": true,
        "num_total_clients": 20,
        "num_clients_per_round": 8
    },
    "models": {
        "model_0": {
            "epochs": 30,
            "train_losses": [
                4.018480948039463,
                3.4884512261574314,
                3.4858382992122485,
                3.496399962383768,
                3.373823352482008,
                3.3177318128739826,
                3.2238833534051174,
                3.1505348800872426,
                3.052406330286346,
                2.94648976355606,
                2.83207388842328,
                2.6375974853586706,
                2.4365730152367067,
                2.219290705201048,
                2.042365016404146,
                1.7415320473428098,
                1.5880285797652252,
                1.4506921383164684,
                1.3681568003589322,
                1.1854539095244794,
                1.066155819419008,
                1.026207951655299,
                0.8144947538464706,
                0.6729007067147249,
                0.564426707184833,
                0.47473738985772457,
                0.41717806773156113,
                0.30672462719567817,
                0.2591300913080666,
                0.23713720622270004
            ],
            "train_accuracies": [
                0.043478260869565216,
                0.06832298136645963,
                0.07453416149068323,
                0.055900621118012424,
                0.08074534161490683,
                0.09316770186335403,
                0.08074534161490683,
                0.09316770186335403,
                0.11801242236024845,
                0.13043478260869565,
                0.2360248447204969,
                0.2670807453416149,
                0.4409937888198758,
                0.40993788819875776,
                0.4906832298136646,
                0.577639751552795,
                0.577639751552795,
                0.6024844720496895,
                0.6024844720496895,
                0.6645962732919255,
                0.6583850931677019,
                0.6832298136645962,
                0.7763975155279503,
                0.7639751552795031,
                0.8012422360248447,
                0.8385093167701864,
                0.8881987577639752,
                0.906832298136646,
                0.9006211180124224,
                0.9192546583850931
            ],
            "test_losses": [
                3.855550764376638,
                3.845131048499596,
                4.307643847325585,
                3.8964864895521383,
                4.139029550229454,
                3.9574998070908456,
                4.125366646872148,
                3.896711717609896,
                3.9628874432152603,
                3.803468415215107,
                4.045789356963629,
                3.7576030312488635,
                4.152889646741122,
                3.8707395514839122,
                4.01457223235619,
                4.273529347663001,
                4.088915725324816,
                4.350087023750116,
                4.451933311285876,
                5.1033507319121005,
                4.995943912264994,
                5.088769474632315,
                6.002547659131259,
                6.706027734898552,
                7.193796001761546,
                8.480722322959124,
                8.119722054182272,
                9.911870893990752,
                10.079735878627941,
                10.172470292980462
            ],
            "test_accuracies": [
                0.03837471783295711,
                0.03837471783295711,
                0.03837471783295711,
                0.056433408577878104,
                0.056433408577878104,
                0.056433408577878104,
                0.056433408577878104,
                0.07900677200902935,
                0.11060948081264109,
                0.11286681715575621,
                0.12415349887133183,
                0.13318284424379231,
                0.19187358916478556,
                0.15124153498871332,
                0.20090293453724606,
                0.19187358916478556,
                0.17381489841986456,
                0.18284424379232506,
                0.20316027088036118,
                0.19413092550790068,
                0.20090293453724606,
                0.17155756207674944,
                0.1963882618510158,
                0.20090293453724606,
                0.18961625282167044,
                0.2054176072234763,
                0.22121896162528218,
                0.18284424379232506,
                0.22121896162528218,
                0.19187358916478556
            ],
            "final_train_acc": 0.9192546583850931,
            "final_test_acc": 0.19187358916478556
        },
        "model_1": {
            "epochs": 30,
            "train_losses": [
                4.088877964019775,
                3.903627888361613,
                3.787592140833537,
                3.764308150609334,
                3.71541322072347,
                3.674849017461141,
                3.645616960525513,
                3.627997652689616,
                3.5924389362335205,
                3.4752010186513265,
                3.3381237665812176,
                3.1245384057362875,
                2.8782918294270834,
                2.6603697776794433,
                2.3540850321451825,
                2.09545480410258,
                1.720890212059021,
                1.430190340677897,
                1.2810449043909709,
                1.2549069404602051,
                1.0106607993443808,
                0.9479401588439942,
                0.7801846822102865,
                0.630581525961558,
                0.4699754476547241,
                0.44209282398223876,
                0.4184644381205241,
                0.3711350401242574,
                0.4097000519434611,
                0.2905265212059021
            ],
            "train_accuracies": [
                0.025,
                0.04583333333333333,
                0.058333333333333334,
                0.058333333333333334,
                0.058333333333333334,
                0.058333333333333334,
                0.058333333333333334,
                0.05,
                0.0625,
                0.0625,
                0.14583333333333334,
                0.15,
                0.21666666666666667,
                0.2708333333333333,
                0.3541666666666667,
                0.38333333333333336,
                0.5291666666666667,
                0.5625,
                0.5708333333333333,
                0.6041666666666666,
                0.6333333333333333,
                0.6791666666666667,
                0.7125,
                0.7833333333333333,
                0.85,
                0.85,
                0.825,
                0.8666666666666667,
                0.875,
                0.9125
            ],